threads,time
500,7.466
500,7.8309999999999995
500,8.165000000000001
500,9.26
500,9.888
500,10.564
500,11.302
500,0.752
500,12.826
500,0.6819999999999999
500,14.038
500,14.828
500,16.043000000000003
500,0.6629999999999999
500,17.291
500,0.6819999999999999
500,18.435
500,0.638
500,19.667
500,0.735
500,21.069999999999997
500,21.833000000000002
500,22.544999999999998
500,0.662
500,24.082
500,24.957
500,0.728
500,26.086000000000002
500,0.653
500,27.191
500,27.766
500,0.768
500,29.048000000000002
500,29.773999999999997
500,0.6849999999999999
500,31.049
500,0.953
500,32.613
500,34.501
500,1.111
500,36.594
500,37.652
500,38.736
500,1.032
500,40.63
500,0.977
500,42.629
500,0.9309999999999999
500,0.844
500,0.687
500,0.6970000000000001
500,47.487
500,48.018
500,0.694
500,0.665
500,0.657
500,0.638
500,51.399
500,52.141
500,52.706
500,53.348
500,53.982
500,54.522
500,55.838
500,56.434
500,57.04
500,57.44
500,57.952999999999996
500,58.312000000000005
500,58.903
500,59.4
500,60.05
500,70.523
500,60.81
500,61.369
500,61.892999999999994
500,62.343
500,62.957
500,63.586000000000006
500,64.04
500,64.541
500,73.24300000000001
500,64.368
500,64.876
500,65.426
500,66.008
500,66.365
500,66.932
500,67.188
500,67.718
500,68.24199999999999
500,68.74900000000001
500,69.22
500,69.711
500,81.51899999999999
500,70.768
500,71.357
500,71.757
500,72.284
500,72.71600000000001
500,73.328
500,73.723
500,74.302
500,74.82900000000001
500,75.361
500,88.692
500,76.147
500,76.57300000000001
500,77.09100000000001
500,77.71000000000001
500,78.117
500,78.759
500,79.518
500,80.479
500,81.363
500,82.241
500,83.094
500,83.97
500,84.721
500,85.565
500,86.438
500,87.208
500,88.057
500,103.72000000000001
500,89.097
500,89.965
500,90.827
500,91.626
500,92.299
500,108.874
500,93.278
500,110.12700000000001
500,93.919
500,94.499
500,95.062
500,95.433
500,96.029
500,96.604
500,97.18
500,97.71199999999999
500,98.055
500,98.678
500,99.12
500,99.69500000000001
500,99.98700000000001
500,100.5
500,101.04599999999999
500,101.54299999999999
500,102.213
500,102.75099999999999
500,103.348
500,123.569
500,104.348
500,104.823
500,105.176
500,105.893
500,106.502
500,107.014
500,107.379
500,107.80199999999999
500,108.354
500,108.952
500,109.558
500,110.05199999999999
500,110.545
500,110.997
500,111.591
500,134.451
500,112.268
500,112.68599999999999
500,113.179
500,113.613
500,114.202
500,114.708
500,114.861
500,115.56099999999999
500,116.294
500,116.96900000000001
500,117.64
500,142.937
500,118.23400000000001
500,118.86
500,119.338
500,120.073
500,120.58099999999999
500,121.05499999999999
500,147.643
500,122.147
500,122.615
500,149.43
500,123.496
500,123.99499999999999
500,124.623
500,125.103
500,125.74099999999999
500,126.31600000000002
500,126.93499999999999
500,127.12799999999999
500,127.84300000000002
500,157.654
500,130.083
500,130.852
500,131.56
500,132.189
500,132.80800000000002
500,133.24099999999999
500,133.87199999999999
500,134.325
500,164.53300000000002
500,135.453
500,136.054
500,136.676
500,137.29
500,137.86399999999998
500,138.589
500,139.18800000000002
500,170.409
500,140.093
500,141.02
500,141.741
500,142.503
500,143.343
500,144.018
500,144.593
500,145.034
500,145.448
500,146.06199999999998
500,146.62800000000001
500,147.244
500,147.816
500,181.447
500,148.50900000000001
500,149.12900000000002
500,149.605
500,150.082
500,184.757
500,150.82999999999998
500,151.445
500,152.04899999999998
500,152.614
500,153.173
500,153.702
500,154.01899999999998
500,154.82399999999998
500,155.724
500,156.485
500,157.066
500,157.712
500,158.375
500,158.805
500,159.281
500,159.67899999999997
500,159.962
500,160.743
500,161.261
500,161.89700000000002
500,162.606
500,163.316
500,203.278
500,165.233
500,165.833
500,166.522
500,167.28199999999998
500,167.323
500,168.054
500,168.856
500,210.067
500,170.007
500,170.775
500,171.214
500,171.958
500,172.62
500,214.56300000000002
500,173.247
500,173.09
500,215.98700000000002
500,173.96200000000002
500,174.63
500,175.245
500,175.857
500,176.43
500,176.71
500,177.485
500,222.14600000000002
500,178.981
500,179.508
500,180.09
500,180.679
500,181.04500000000002
500,226.612
500,182.548
500,183.075
500,183.664
500,183.98999999999998
500,230.39499999999998
500,185.484
500,186.089
500,186.71099999999998
500,187.501
500,188.028
500,188.729
500,189.048
500,189.663
500,236.525
500,190.07399999999998
500,190.57399999999998
500,238.464
500,191.636
500,192.132
500,192.717
500,241.18200000000002
500,194.30700000000002
500,194.78699999999998
500,195.394
500,195.706
500,245.566
500,197.00400000000002
500,197.599
500,198.184
500,198.584
500,248.948
500,200.354
500,201.11599999999999
500,201.736
500,201.912
500,253.066
500,203.519
500,250.019
500,247.255
500,244.37
500,245.0
500,245.10399999999998
500,245.714
500,262.88
500,243.839
500,241.72199999999998
500,242.493
500,240.951
500,241.62900000000002
500,266.872
500,238.55100000000002
500,236.176
500,236.84199999999998
500,235.813
500,233.827
500,230.46800000000002
500,226.996
500,222.1
500,222.668
500,223.428
500,223.471
500,223.56500000000003
500,277.384
500,276.677
500,5.9719999999999995
500,14.67
500,13.495999999999999
500,13.342
500,29.163
500,21.035999999999998
500,29.705
500,17.139000000000003
500,24.444
500,19.924999999999997
500,21.021
500,41.278
500,7.425
500,43.403
500,94.356
500,51.406
500,63.097
500,70.56800000000001
500,85.483
500,79.059
500,78.39500000000001
500,74.95
500,75.30199999999999
500,72.77300000000001
500,73.352
500,72.92899999999999
500,73.186
500,73.411
500,68.256
500,140.625
500,67.573
500,66.812
500,67.059
500,67.0
500,67.12400000000001
500,127.20899999999999
500,67.198
500,67.469
500,67.73899999999999
500,65.60499999999999
500,66.282
500,66.349
500,67.094
500,65.804
500,66.50699999999999
500,64.705
500,63.934000000000005
500,63.543
500,62.61
500,62.464999999999996
500,61.172999999999995
500,61.96
500,62.354
500,62.85300000000001
500,63.708
500,64.408
500,65.048
500,132.718
500,65.168
500,65.723
500,65.018
500,65.468
500,64.678
500,65.346
500,65.69500000000001
500,66.343
500,143.647
500,66.884
500,67.26899999999999
500,67.871
500,68.517
500,69.073
500,69.315
500,189.786
500,69.596
500,67.985
500,68.40599999999999
500,145.918
500,68.287
500,66.98
500,67.706
500,68.203
500,68.28099999999999
500,68.377
500,68.19600000000001
500,68.427
500,69.103
500,69.59
500,70.216
500,70.478
500,151.051
500,70.95700000000001
500,71.458
500,152.949
500,71.89
500,72.378
500,72.94
500,73.52
500,73.784
500,74.41399999999999
500,74.556
500,75.051
500,75.558
500,75.292
500,75.67
500,76.664
500,77.419
500,77.568
500,78.3
500,78.32799999999999
500,78.974
500,79.71000000000001
500,80.066
500,80.398
500,80.744
500,79.40700000000001
500,170.354
500,80.03
500,80.71499999999999
500,205.137
500,170.80200000000002
500,80.959
500,81.491
500,165.799
500,82.401
500,82.423
500,83.143
500,201.306
500,178.60799999999998
500,148.834
500,204.028
500,138.905
500,134.394
500,132.762
500,130.619
500,130.265
500,129.32399999999998
500,129.332
500,121.438
500,116.716
500,101.953
500,101.729
500,101.434
500,102.323
500,100.98
500,168.12099999999998
1000,2.6310000000000002
1000,0.873
1000,4.799
1000,0.8350000000000001
1000,7.167
1000,0.8140000000000001
1000,0.734
1000,0.7929999999999999
1000,0.864
1000,0.755
1000,0.675
1000,13.649
1000,13.017000000000001
1000,0.699
1000,0.919
1000,0.716
1000,1.6509999999999998
1000,17.748
1000,18.447000000000003
1000,18.77
1000,0.8019999999999999
1000,0.722
1000,0.725
1000,0.674
1000,0.7240000000000001
1000,0.735
1000,0.655
1000,0.639
1000,0.933
1000,0.769
1000,27.529
1000,0.6880000000000001
1000,29.076999999999998
1000,28.901
1000,0.683
1000,0.735
1000,0.778
1000,0.78
1000,0.648
1000,0.786
1000,0.6809999999999999
1000,0.853
1000,0.674
1000,0.694
1000,37.206999999999994
1000,0.755
1000,0.709
1000,0.725
1000,0.78
1000,40.641999999999996
1000,0.657
1000,0.6819999999999999
1000,42.952
1000,42.82
1000,0.6759999999999999
1000,44.915
1000,0.69
1000,0.758
1000,0.741
1000,0.763
1000,0.73
1000,0.727
1000,0.803
1000,0.718
1000,0.673
1000,0.6849999999999999
1000,0.7699999999999999
1000,0.703
1000,0.736
1000,0.655
1000,0.712
1000,0.746
1000,0.7699999999999999
1000,0.7020000000000001
1000,0.721
1000,0.732
1000,0.708
1000,0.761
1000,0.7290000000000001
1000,0.704
1000,0.75
1000,0.7240000000000001
1000,0.8099999999999999
1000,65.748
1000,0.8019999999999999
1000,0.6859999999999999
1000,0.799
1000,0.696
1000,0.726
1000,1.433
1000,0.726
1000,0.67
1000,0.665
1000,0.664
1000,0.6930000000000001
1000,74.80199999999999
1000,0.644
1000,0.624
1000,0.632
1000,0.652
1000,0.6579999999999999
1000,0.62
1000,0.665
1000,79.618
1000,0.731
1000,0.699
1000,0.7150000000000001
1000,0.714
1000,0.773
1000,0.714
1000,0.679
1000,0.709
1000,0.615
1000,0.74
1000,0.857
1000,102.71900000000001
1000,0.8009999999999999
1000,0.651
1000,0.694
1000,0.735
1000,0.691
1000,0.641
1000,0.656
1000,94.051
1000,0.6920000000000001
1000,0.684
1000,96.202
1000,0.671
1000,0.636
1000,0.718
1000,114.371
1000,0.637
1000,0.7060000000000001
1000,0.63
1000,101.577
1000,102.366
1000,0.809
1000,104.104
1000,0.68
1000,105.453
1000,0.633
1000,0.63
1000,0.684
1000,107.712
1000,108.119
1000,108.685
1000,108.85400000000001
1000,109.39
1000,109.917
1000,128.797
1000,110.79799999999999
1000,111.703
1000,112.524
1000,113.425
1000,114.165
1000,137.109
1000,115.92099999999999
1000,116.805
1000,117.81
1000,118.926
1000,139.88500000000002
1000,121.13300000000001
1000,122.147
1000,122.808
1000,124.193
1000,146.006
1000,126.61800000000001
1000,127.52199999999999
1000,128.586
1000,129.553
1000,130.376
1000,131.18099999999998
1000,131.84
1000,153.992
1000,133.554
1000,134.45399999999998
1000,156.912
1000,136.469
1000,137.44600000000003
1000,138.453
1000,140.344
1000,141.176
1000,142.21
1000,165.72500000000002
1000,144.308
1000,144.917
1000,145.57
1000,146.35799999999998
1000,173.68200000000002
1000,147.897
1000,148.69299999999998
1000,149.40800000000002
1000,150.112
1000,150.619
1000,151.474
1000,176.18200000000002
1000,153.20600000000002
1000,155.65
1000,156.613
1000,157.12300000000002
1000,157.975
1000,183.305
1000,159.493
1000,160.156
1000,160.84699999999998
1000,161.551
1000,162.268
1000,162.846
1000,163.392
1000,189.61
1000,164.903
1000,191.168
1000,165.467
1000,166.094
1000,166.759
1000,167.541
1000,167.526
1000,168.242
1000,169.087
1000,170.02800000000002
1000,170.495
1000,199.20499999999998
1000,172.46
1000,173.12
1000,173.711
1000,174.557
1000,175.163
1000,205.121
1000,176.832
1000,177.661
1000,178.24200000000002
1000,208.97899999999998
1000,180.10999999999999
1000,180.675
1000,181.224
1000,181.754
1000,212.85000000000002
1000,183.26799999999997
1000,183.82999999999998
1000,184.45
1000,184.674
1000,216.446
1000,186.052
1000,186.68599999999998
1000,187.299
1000,188.516
1000,188.995
1000,190.125
1000,223.077
1000,191.993
1000,192.53400000000002
1000,226.05800000000002
1000,194.321
1000,195.073
1000,195.815
1000,234.905
1000,197.274
1000,198.006
1000,198.759
1000,199.525
1000,200.436
1000,235.621
1000,202.287
1000,202.953
1000,203.85
1000,204.762
1000,241.057
1000,207.248
1000,207.936
1000,208.637
1000,244.964
1000,210.49300000000002
1000,211.404
1000,212.229
1000,213.03900000000002
1000,213.727
1000,213.94299999999998
1000,214.681
1000,215.548
1000,216.14700000000002
1000,254.05
1000,217.555
1000,218.337
1000,219.229
1000,219.95899999999997
1000,220.71699999999998
1000,221.23499999999999
1000,259.875
1000,223.005
1000,223.819
1000,224.665
1000,269.856
1000,226.158
1000,226.84799999999998
1000,227.655
1000,267.31899999999996
1000,227.75699999999998
1000,228.282
1000,269.818
1000,230.033
1000,230.826
1000,231.793
1000,232.66500000000002
1000,233.544
1000,276.373
1000,236.21900000000002
1000,237.284
1000,238.01500000000001
1000,238.564
1000,239.315
1000,240.074
1000,240.867
1000,241.71599999999998
1000,242.003
1000,285.93800000000005
1000,243.68400000000003
1000,244.404
1000,244.976
1000,245.735
1000,246.311
1000,247.065
1000,291.311
1000,247.881
1000,248.202
1000,248.988
1000,294.604
1000,250.512
1000,251.27899999999997
1000,252.029
1000,252.777
1000,253.62099999999998
1000,300.046
1000,255.191
1000,255.301
1000,256.089
1000,303.48900000000003
1000,257.56600000000003
1000,258.084
1000,258.458
1000,314.008
1000,260.115
1000,260.89099999999996
1000,261.346
1000,261.671
1000,310.802
1000,263.11400000000003
1000,312.301
1000,263.81
1000,264.488
1000,265.122
1000,315.411
1000,266.441
1000,267.002
1000,267.73400000000004
1000,268.913
1000,320.41999999999996
1000,270.391
1000,271.084
1000,271.767
1000,323.778
1000,273.048
1000,273.544
1000,325.718
1000,274.944
1000,275.411
1000,275.809
1000,337.048
1000,277.306
1000,278.128
1000,278.397
1000,332.46
1000,280.154
1000,280.884
1000,281.495
1000,282.103
1000,282.439
1000,337.10200000000003
1000,284.395
1000,284.86699999999996
1000,285.472
1000,340.639
1000,286.711
1000,287.288
1000,287.742
1000,288.068
1000,344.207
1000,289.401
1000,290.03000000000003
1000,290.27599999999995
1000,347.169
1000,291.587
1000,291.709
1000,349.39599999999996
1000,293.12
1000,293.81800000000004
1000,294.388
1000,352.64
1000,295.85499999999996
1000,296.604
1000,297.33799999999997
1000,298.133
1000,298.91499999999996
1000,357.936
1000,300.585
1000,301.56899999999996
1000,302.425
1000,303.50500000000005
1000,303.937
1000,304.347
1000,374.386
1000,306.118
1000,306.778
1000,307.493
1000,368.796
1000,308.7
1000,309.406
1000,310.14799999999997
1000,310.598
1000,373.09700000000004
1000,312.435
1000,313.21700000000004
1000,314.125
1000,315.04900000000004
1000,315.71700000000004
1000,378.454
1000,317.652
1000,318.257
1000,318.803
1000,382.41999999999996
1000,320.72
1000,321.096
1000,395.127
1000,322.61400000000003
1000,322.838
1000,323.352
1000,323.998
1000,324.692
1000,324.976
1000,325.488
1000,326.216
1000,326.611
1000,393.098
1000,328.295
1000,329.05400000000003
1000,329.392
1000,396.396
1000,330.41900000000004
1000,331.004
1000,331.93899999999996
1000,332.452
1000,400.755
1000,334.27099999999996
1000,335.05400000000003
1000,335.792
1000,336.276
1000,337.079
1000,406.02500000000003
1000,338.6
1000,339.01
1000,418.952
1000,340.23900000000003
1000,340.90500000000003
1000,341.598
1000,342.024
1000,343.02500000000003
1000,413.74
1000,344.995
1000,345.704
1000,346.374
1000,347.072
1000,346.99600000000004
1000,348.08
1000,348.982
1000,349.841
1000,350.656
1000,351.39599999999996
1000,423.54
1000,352.911
1000,353.57
1000,354.07899999999995
1000,426.651
1000,355.695
1000,356.00100000000003
1000,428.877
1000,357.423
1000,357.917
1000,358.682
1000,432.053
1000,359.85499999999996
1000,360.45300000000003
1000,361.132
1000,361.781
1000,447.494
1000,363.252
1000,363.911
1000,364.618
1000,365.34499999999997
1000,365.854
1000,366.748
1000,367.61100000000005
1000,368.448
1000,369.147
1000,369.81399999999996
1000,445.269
1000,371.347
1000,371.924
1000,372.416
1000,448.766
1000,373.94699999999995
1000,374.512
1000,375.06899999999996
1000,452.055
1000,376.711
1000,377.443
1000,378.195
1000,378.841
1000,455.58500000000004
1000,380.098
1000,380.71
1000,381.395
1000,381.721
1000,459.72200000000004
1000,383.253
1000,383.87300000000005
1000,384.486
1000,462.63300000000004
1000,385.43100000000004
1000,386.046
1000,464.852
1000,387.403
1000,387.84200000000004
1000,388.489
1000,389.25300000000004
1000,390.02500000000003
1000,390.78200000000004
1000,391.28000000000003
1000,471.923
1000,392.84400000000005
1000,393.617
1000,394.386
1000,395.232
1000,395.677
1000,477.28900000000004
1000,397.457
1000,398.22200000000004
1000,480.002
1000,399.444
1000,400.145
1000,482.684
1000,401.412
1000,402.207
1000,403.007
1000,486.257
1000,415.23900000000003
1000,419.665
1000,425.67100000000005
1000,448.34200000000004
1000,449.911
1000,483.186
1000,611.0139999999999
1000,547.303
1000,575.588
1000,677.902
1000,628.093
1000,652.653
1000,658.711
1000,691.915
1000,805.9
1000,736.1990000000001
1000,737.208
1000,749.057
1000,763.146
1000,766.812
1000,780.458
1000,872.61
1000,786.535
1000,790.496
1000,793.202
1000,807.11
1000,810.159
1000,900.679
1000,811.431
1000,812.2049999999999
1000,813.422
1000,905.8530000000001
1000,815.0450000000001
1000,815.74
1000,816.391
1000,816.8100000000001
1000,909.714
1000,818.314
1000,818.924
1000,819.455
1000,927.86
1000,820.9490000000001
1000,821.643
1000,822.332
1000,822.988
1000,823.567
1000,824.375
1000,825.05
1000,825.723
1000,826.1690000000001
1000,921.048
1000,827.639
1000,828.23
1000,828.697
1000,924.016
1000,829.704
1000,830.341
1000,831.025
1000,831.3739999999999
1000,831.808
1000,928.126
1000,832.553
1000,833.148
1000,930.415
1000,834.3739999999999
1000,834.994
1000,835.17
1000,933.4559999999999
1000,836.5780000000001
1000,837.082
1000,837.693
1000,838.182
1000,838.842
1000,839.399
1000,938.6719999999999
1000,840.448
1000,840.5120000000001
1000,940.936
1000,842.098
1000,842.733
1000,943.3280000000001
1000,843.774
1000,844.409
1000,844.672
1000,845.26
1000,845.82
1000,846.274
1000,846.972
1000,847.637
1000,848.327
1000,849.092
1000,952.087
1000,850.366
1000,850.9989999999999
1000,851.654
1000,852.3389999999999
1000,853.052
1000,853.534
1000,854.195
1000,854.8130000000001
1000,855.292
1000,856.0060000000001
1000,961.108
1000,857.2769999999999
1000,857.515
1000,858.242
1000,858.953
1000,859.533
1000,965.623
1000,861.216
1000,861.97
1000,862.815
1000,969.47
1000,864.182
1000,864.834
1000,865.469
1000,972.847
1000,866.98
1000,951.313
1000,936.287
1000,936.769
1000,932.809
1000,933.3939999999999
1000,986.592
1000,496.355
1000,901.26
1000,490.897
1000,490.767
1000,490.817
1000,904.551
1000,987.649
1000,903.84
1000,480.759
1000,904.9110000000001
1000,473.163
1000,905.298
1000,990.282
1000,460.34799999999996
1000,443.103
1000,906.895
1000,1004.824
1000,413.34
1000,399.738
1000,395.25
1000,392.629
1000,389.378
1000,372.015
1000,367.428
1000,363.697
1000,360.209
1000,913.049
1000,345.96700000000004
1000,346.448
1000,339.55600000000004
1000,335.403
1000,335.13100000000003
1000,335.035
1000,331.993
1000,327.633
1000,919.242
1000,321.74399999999997
1000,312.276
1000,306.40299999999996
1000,306.57800000000003
1000,303.94
1000,302.41499999999996
1000,301.556
1000,301.522
1000,297.30899999999997
1000,293.607
1000,285.5
1000,282.40900000000005
1000,282.11199999999997
1000,275.758
1000,274.312
1000,274.148
1000,273.449
1000,272.447
1000,268.106
1000,268.873
1000,267.01000000000005
1000,266.637
1000,263.992
1000,263.515
1000,263.172
1000,263.847
1000,941.75
1000,262.019
1000,262.091
1000,262.316
1000,262.799
1000,262.573
1000,261.012
1000,261.042
1000,262.061
1000,260.16
1000,260.11899999999997
1000,259.96599999999995
1000,260.07000000000005
1000,257.488
1000,257.70799999999997
1000,257.87399999999997
1000,257.731
1000,257.083
1000,257.727
1000,258.131
1000,257.262
1000,256.876
1000,255.157
1000,252.594
1000,251.208
1000,250.46200000000002
1000,251.077
1000,251.102
1000,250.28499999999997
1000,250.45899999999997
1000,250.369
1000,251.712
1000,251.76199999999997
1000,247.317
1000,247.814
1000,245.612
1000,246.043
1000,246.04999999999998
1000,246.294
1000,246.28300000000002
1000,246.971
1000,247.306
1000,247.82199999999997
1000,248.342
1000,248.346
1000,248.492
1000,249.202
1000,247.518
1000,247.26999999999998
1000,246.637
1000,247.12
1000,246.87
1000,246.43200000000002
1000,985.007
1000,245.95700000000002
1000,246.364
1000,246.99599999999998
1000,247.54899999999998
1000,247.96599999999998
1000,247.012
1000,247.085
1000,247.71699999999998
1000,248.04100000000003
1000,248.57199999999997
1000,248.98700000000002
1000,249.107
1000,249.447
1000,994.424
1000,249.174
1000,249.742
1000,250.338
1000,250.826
1000,251.25599999999997
1000,250.857
1000,249.90599999999998
1000,248.93599999999998
1000,248.414
1000,247.835
1000,248.42600000000002
1000,248.923
1000,249.53300000000002
1000,250.097
1000,250.00699999999998
1000,250.15500000000003
1000,250.717
1000,251.014
1000,251.57800000000003
1000,251.777
1000,251.96699999999998
1000,252.33
1000,252.648
1000,252.99500000000003
1000,253.151
1000,253.594
1000,254.32100000000003
1000,254.884
1000,255.54500000000002
1000,254.789
1000,254.97599999999997
1000,1018.947
1000,255.59199999999998
1000,254.09900000000002
1000,254.112
1000,254.36399999999998
1000,254.991
1000,255.694
1000,255.38100000000003
1000,255.78
1000,256.375
1000,256.68800000000005
1000,257.15700000000004
1000,257.00800000000004
1000,257.045
1000,257.701
1000,258.339
1000,258.531
1000,258.71
1000,257.867
1000,258.596
1000,258.949
1000,259.249
1000,259.542
1000,260.206
1000,260.652
1000,260.63599999999997
1000,260.47999999999996
1000,259.706
1000,259.983
1000,1039.8400000000001
1000,259.941
1000,260.522
1000,259.41999999999996
1000,259.709
1000,259.593
1000,258.97999999999996
1000,259.637
1000,260.28499999999997
1000,260.731
1000,260.569
1000,260.02599999999995
1000,260.46000000000004
1000,260.637
1000,260.415
1000,260.611
1000,261.029
1000,261.685
1000,262.171
1000,262.456
1000,262.542
1000,262.667
1000,263.319
1000,263.843
1000,264.501
1000,265.10299999999995
1000,265.641
1000,264.641
1000,264.986
1000,265.31100000000004
1000,265.65299999999996
1000,266.318
1000,266.677
1000,267.099
1000,267.63300000000004
1000,268.094
1000,268.746
1000,269.345
1000,269.52799999999996
1000,270.123
1000,270.522
1000,271.16
1000,271.731
1000,272.42499999999995
1000,272.87
1000,273.64500000000004
1000,274.32
1000,274.844
1000,273.984
1000,274.553
1000,274.983
1000,275.546
1000,275.18
1000,275.68
1000,1169.64
1000,276.263
1000,1170.2920000000001
1000,277.01300000000003
1000,277.54400000000004
1000,278.083
1000,278.785
1000,278.889
1000,279.582
1000,280.194
1000,280.652
1000,281.283
1000,281.783
1000,1089.137
1000,280.978
1000,281.62399999999997
1000,282.024
1000,282.51500000000004
1000,282.023
1000,282.189
1000,282.505
1000,283.161
1000,283.8
1000,283.426
1000,283.565
1000,1097.482
1000,1090.495
1000,1196.11
1000,652.6610000000001
1000,580.2199999999999
1000,548.695
1000,1108.5
1000,530.159
1000,515.7760000000001
1000,1194.601
1000,476.01300000000003
1000,451.223
1000,432.04900000000004
1000,428.705
1000,414.673
1000,407.851
1000,403.95799999999997
1000,395.746
1000,386.93300000000005
1000,372.89
1000,364.862
1000,363.719
1000,363.38300000000004
1000,362.145
1000,361.976
1000,361.24699999999996
1000,354.805
1000,354.031
1000,351.38399999999996
1000,347.58
1000,341.096
1000,339.95300000000003
1000,335.25899999999996
1000,334.935
1000,330.883
1000,323.515
1000,320.768
1000,319.957
1000,319.841
1000,318.37100000000004
1000,1126.759
1000,1107.007
1000,543.2660000000001
1000,477.175
1000,417.343
1000,402.291
1000,387.219
1000,351.933
1000,338.204
1000,338.082
1000,520.9749999999999
1000,431.628
1000,326.854
1000,353.42699999999996
1500,1.868
1500,2.532
1500,4.590999999999999
1500,23.040000000000003
1500,28.129
1500,1.2329999999999999
1500,32.73800000000001
1500,1.052
1500,1.4040000000000001
1500,1.234
1500,36.704
1500,39.061
1500,39.092
1500,2.5669999999999997
1500,43.137
1500,2.421
1500,47.357000000000006
1500,1.013
1500,0.998
1500,0.9259999999999999
1500,1.2249999999999999
1500,1.382
1500,1.1640000000000001
1500,1.093
1500,1.09
1500,58.852000000000004
1500,1.3259999999999998
1500,62.544000000000004
1500,1.224
1500,1.264
1500,66.187
1500,66.941
1500,67.405
1500,76.819
1500,69.695
1500,1.6980000000000002
1500,0.969
1500,1.075
1500,1.176
1500,78.957
1500,1.1360000000000001
1500,1.0579999999999998
1500,82.143
1500,0.8360000000000001
1500,0.971
1500,1.1360000000000001
1500,0.883
1500,1.1340000000000001
1500,90.673
1500,103.468
1500,91.732
1500,1.042
1500,1.1540000000000001
1500,1.0759999999999998
1500,1.346
1500,1.11
1500,0.8109999999999999
1500,0.903
1500,99.90400000000001
1500,114.402
1500,102.04299999999999
1500,117.55799999999999
1500,0.875
1500,118.877
1500,104.007
1500,104.922
1500,120.81
1500,105.876
1500,107.21
1500,1.1
1500,1.011
1500,1.0679999999999998
1500,112.296
1500,1.012
1500,1.012
1500,0.95
1500,116.231
1500,117.847
1500,119.259
1500,120.324
1500,121.53999999999999
1500,1.57
1500,1.3339999999999999
1500,1.861
1500,1.5690000000000002
1500,1.459
1500,138.723
1500,140.50099999999998
1500,141.346
1500,1.527
1500,1.804
1500,149.555
1500,1.3159999999999998
1500,1.125
1500,1.021
1500,1.3290000000000002
1500,151.081
1500,151.711
1500,153.02599999999998
1500,0.782
1500,154.899
1500,0.794
1500,0.7919999999999999
1500,0.868
1500,179.148
1500,157.777
1500,0.8069999999999999
1500,159.758
1500,0.825
1500,161.50400000000002
1500,162.637
1500,0.757
1500,0.745
1500,0.8360000000000001
1500,0.775
1500,190.107
1500,167.24
1500,0.718
1500,168.756
1500,0.8270000000000001
1500,170.176
1500,0.8270000000000001
1500,172.37800000000001
1500,173.29500000000002
1500,0.722
1500,175.02300000000002
1500,0.794
1500,0.687
1500,177.317
1500,177.977
1500,0.86
1500,180.071
1500,0.748
1500,0.73
1500,0.7240000000000001
1500,183.17
1500,183.969
1500,184.75900000000001
1500,0.7150000000000001
1500,0.768
1500,187.301
1500,188.00900000000001
1500,188.673
1500,189.414
1500,190.296
1500,191.35399999999998
1500,192.29399999999998
1500,193.179
1500,194.20399999999998
1500,195.249
1500,195.948
1500,196.66500000000002
1500,223.20499999999998
1500,196.649
1500,197.365
1500,198.245
1500,198.994
1500,199.656
1500,200.423
1500,201.132
1500,201.745
1500,202.47799999999998
1500,202.076
1500,202.804
1500,203.624
1500,204.457
1500,205.13600000000002
1500,205.861
1500,206.52
1500,207.302
1500,208.092
1500,208.91899999999998
1500,239.216
1500,210.179
1500,210.841
1500,241.47899999999998
1500,211.621
1500,212.441
1500,213.074
1500,213.718
1500,214.582
1500,215.076
1500,214.93
1500,215.694
1500,216.62699999999998
1500,217.46699999999998
1500,218.358
1500,219.071
1500,219.935
1500,220.76000000000002
1500,221.673
1500,222.779
1500,222.64100000000002
1500,223.35399999999998
1500,224.116
1500,224.761
1500,259.246
1500,226.18099999999998
1500,227.095
1500,264.063
1500,227.42299999999997
1500,228.217
1500,229.011
1500,229.717
1500,230.571
1500,231.293
1500,232.148
1500,232.91600000000003
1500,233.77
1500,234.624
1500,269.78400000000005
1500,234.922
1500,235.595
1500,236.376
1500,237.13400000000001
1500,238.164
1500,238.96
1500,239.76
1500,240.48
1500,241.291
1500,242.103
1500,278.718
1500,243.559
1500,244.164
1500,244.812
1500,245.40300000000002
1500,245.828
1500,246.64600000000002
1500,246.592
1500,247.307
1500,248.062
1500,248.827
1500,249.568
1500,250.384
1500,251.114
1500,251.89499999999998
1500,252.709
1500,252.48199999999997
1500,253.33
1500,253.942
1500,254.706
1500,255.957
1500,256.574
1500,257.401
1500,258.189
1500,258.455
1500,259.303
1500,260.102
1500,260.915
1500,306.012
1500,261.711
1500,261.621
1500,262.38800000000003
1500,262.89099999999996
1500,263.72200000000004
1500,264.513
1500,265.178
1500,265.96
1500,265.913
1500,267.05
1500,310.163
1500,266.927
1500,267.72200000000004
1500,268.372
1500,269.129
1500,269.8
1500,270.582
1500,271.381
1500,272.055
1500,272.758
1500,273.54
1500,274.331
1500,275.09
1500,275.792
1500,276.536
1500,277.326
1500,277.765
1500,278.477
1500,278.99800000000005
1500,279.75
1500,280.49
1500,280.115
1500,280.85900000000004
1500,281.627
1500,282.399
1500,283.051
1500,283.83599999999996
1500,330.783
1500,285.379
1500,286.737
1500,285.537
1500,286.298
1500,286.991
1500,287.60799999999995
1500,287.374
1500,288.118
1500,288.916
1500,289.71599999999995
1500,290.399
1500,291.136
1500,292.08
1500,292.87
1500,342.032
1500,293.524
1500,294.294
1500,295.246
1500,296.077
1500,296.887
1500,297.65500000000003
1500,298.39500000000004
1500,299.132
1500,349.517
1500,350.24499999999995
1500,300.896
1500,301.21500000000003
1500,301.998
1500,302.74600000000004
1500,303.491
1500,304.21500000000003
1500,304.076
1500,304.75600000000003
1500,305.31399999999996
1500,305.973
1500,306.76
1500,306.271
1500,306.97200000000004
1500,307.759
1500,308.504
1500,309.08000000000004
1500,309.789
1500,363.821
1500,310.564
1500,311.321
1500,366.00100000000003
1500,312.932
1500,313.24800000000005
1500,313.809
1500,314.44
1500,314.319
1500,314.93100000000004
1500,315.612
1500,316.339
1500,316.97999999999996
1500,317.64500000000004
1500,318.351
1500,374.802
1500,318.81100000000004
1500,319.48900000000003
1500,320.10499999999996
1500,320.812
1500,321.524
1500,322.243
1500,379.693
1500,323.7
1500,323.43499999999995
1500,381.96000000000004
1500,325.192
1500,325.06600000000003
1500,325.795
1500,326.438
1500,327.19599999999997
1500,327.279
1500,327.978
1500,328.75
1500,328.366
1500,329.031
1500,329.791
1500,330.40999999999997
1500,331.15299999999996
1500,392.108
1500,331.732
1500,393.49600000000004
1500,333.36
1500,332.925
1500,333.685
1500,334.372
1500,335.08500000000004
1500,335.902
1500,336.07599999999996
1500,336.887
1500,336.55
1500,337.207
1500,337.874
1500,338.63100000000003
1500,339.327
1500,340.096
1500,404.723
1500,340.837
1500,341.488
1500,342.176
1500,342.86
1500,343.521
1500,344.276
1500,410.144
1500,412.019
1500,344.616
1500,344.734
1500,345.477
1500,345.459
1500,346.22700000000003
1500,346.961
1500,347.508
1500,414.617
1500,348.275
1500,348.737
1500,349.55
1500,350.298
1500,351.186
1500,352.065
1500,352.87600000000003
1500,353.649
1500,354.439
1500,355.30899999999997
1500,355.995
1500,356.616
1500,357.26099999999997
1500,357.982
1500,358.69800000000004
1500,359.635
1500,360.348
1500,360.83
1500,362.761
1500,360.723
1500,361.456
1500,361.988
1500,362.65500000000003
1500,363.329
1500,364.042
1500,364.73
1500,365.398
1500,366.04900000000004
1500,366.86999999999995
1500,367.622
1500,366.466
1500,367.134
1500,367.873
1500,439.295
1500,369.327
1500,370.077
1500,371.072
1500,441.488
1500,369.727
1500,370.29400000000004
1500,371.031
1500,371.77500000000003
1500,372.402
1500,373.166
1500,373.837
1500,374.54900000000004
1500,375.288
1500,376.014
1500,376.755
1500,377.742
1500,378.576
1500,378.28299999999996
1500,379.19399999999996
1500,454.13100000000003
1500,454.64
1500,380.956
1500,381.879
1500,382.801
1500,382.664
1500,383.544
1500,384.24399999999997
1500,385.024
1500,385.768
1500,462.123
1500,386.394
1500,387.14300000000003
1500,387.849
1500,388.678
1500,389.535
1500,390.26
1500,468.121
1500,391.19300000000004
1500,391.872
1500,392.596
1500,471.13300000000004
1500,394.269
1500,394.053
1500,394.772
1500,395.566
1500,395.871
1500,396.676
1500,397.69
1500,398.58
1500,398.52
1500,399.326
1500,400.139
1500,401.037
1500,401.75100000000003
1500,402.52700000000004
1500,403.24100000000004
1500,484.136
1500,403.874
1500,404.76800000000003
1500,405.73900000000003
1500,406.64
1500,407.66200000000003
1500,416.795
1500,423.241
1500,509.865
1500,440.407
1500,446.81
1500,462.352
1500,474.673
1500,526.701
1500,627.452
1500,583.0300000000001
1500,672.2439999999999
1500,749.498
1500,666.257
1500,729.4730000000001
1500,735.564
1500,768.415
1500,822.724
1500,1021.6670000000001
1500,1059.2569999999998
1500,1075.598
1500,1087.6809999999998
1500,1156.704
1500,1190.402
1500,1283.059
1500,1284.7820000000002
1500,1197.364
1500,1198.476
1500,1199.3799999999999
1500,1200.144
1500,1201.129
1500,1201.995
1500,1202.839
1500,1296.537
1500,1204.1109999999999
1500,1205.09
1500,1205.851
1500,1206.827
1500,1207.509
1500,1208.611
1500,1302.4640000000002
1500,1209.749
1500,1303.7920000000001
1500,1211.468
1500,1211.8390000000002
1500,1212.132
1500,1213.016
1500,1213.868
1500,1214.74
1500,1215.5339999999999
1500,1216.349
1500,1312.6299999999999
1500,1217.0259999999998
1500,1218.146
1500,1218.981
1500,1219.904
1500,1220.8410000000001
1500,1225.7800000000002
1500,1227.061
1500,1228.512
1500,1330.4260000000002
1500,1234.513
1500,1235.6750000000002
1500,1236.704
1500,1236.453
1500,1237.445
1500,1238.389
1500,1239.457
1500,1240.255
1500,1340.019
1500,1241.219
1500,1242.084
1500,1242.874
1500,1243.628
1500,1244.382
1500,1245.3220000000001
1500,1245.727
1500,1245.995
1500,1246.619
1500,1247.295
1500,1348.344
1500,1247.374
1500,1248.269
1500,1249.145
1500,1249.3229999999999
1500,1250.065
1500,1250.707
1500,1250.7649999999999
1500,1251.69
1500,1252.5539999999999
1500,1253.467
1500,1253.904
1500,1254.8
1500,1255.442
1500,1256.317
1500,1257.026
1500,1361.8429999999998
1500,1258.207
1500,1259.276
1500,1260.278
1500,1261.179
1500,1261.377
1500,1262.5420000000001
1500,1263.53
1500,1264.307
1500,1265.097
1500,1264.691
1500,1265.376
1500,1266.097
1500,1266.8950000000002
1500,1374.7160000000001
1500,1267.376
1500,1268.164
1500,1268.853
1500,1269.571
1500,1269.373
1500,1270.1370000000002
1500,1270.874
1500,1271.618
1500,1272.461
1500,1273.4080000000001
1500,1383.673
1500,1273.921
1500,1274.672
1500,1275.493
1500,1276.341
1500,1387.694
1500,1277.1490000000001
1500,1277.981
1500,1278.799
1500,1390.883
1500,1280.28
1500,1280.32
1500,1280.423
1500,1281.167
1500,1281.993
1500,1282.779
1500,1283.507
1500,1283.259
1500,1284.012
1500,1284.683
1500,1285.419
1500,1399.54
1500,1286.113
1500,1286.952
1500,1287.818
1500,1288.448
1500,1404.693
1500,1406.1870000000001
1500,1292.359
1500,1292.886
1500,1293.576
1500,1294.4679999999998
1500,1295.017
1500,1295.1779999999999
1500,1294.905
1500,1294.92
1500,1295.795
1500,1296.3229999999999
1500,1297.213
1500,1296.748
1500,1296.849
1500,1297.885
1500,1298.893
1500,1299.871
1500,1300.999
1500,1300.6850000000002
1500,1301.591
1500,1302.565
1500,1303.443
1500,1426.48
1500,1443.8519999999999
1500,1303.278
1500,1303.913
1500,1304.965
1500,1305.7859999999998
1500,1305.7350000000001
1500,1431.046
1500,1306.527
1500,1307.323
1500,1308.3210000000001
1500,1309.39
1500,1310.087
1500,1435.75
1500,1311.171
1500,1312.038
1500,1312.856
1500,1313.7540000000001
1500,1315.3349999999998
1500,1314.866
1500,1314.846
1500,1315.6080000000002
1500,1316.497
1500,1317.612
1500,1318.5990000000002
1500,1319.6209999999999
1500,1320.53
1500,1448.421
1500,1321.675
1500,1322.632
1500,1323.543
1500,1324.497
1500,1325.224
1500,1325.585
1500,1455.413
1500,1326.908
1500,1328.159
1500,1328.551
1500,1329.3790000000001
1500,1329.3950000000002
1500,1330.308
1500,1331.34
1500,1332.261
1500,1333.286
1500,1464.316
1500,1333.5490000000002
1500,1466.232
1500,1335.167
1500,1467.366
1500,1336.239
1500,1337.269
1500,1338.3899999999999
1500,1339.3319999999999
1500,1339.415
1500,1340.665
1500,1341.6680000000001
1500,1342.796
1500,1343.4669999999999
1500,1478.387
1500,1344.793
1500,1345.809
1500,1346.959
1500,1348.134
1500,1348.8029999999999
1500,1485.388
1500,1350.099
1500,1350.9389999999999
1500,1488.6760000000002
1500,1352.3719999999998
1500,1353.159
1500,1354.274
1500,1355.112
1500,1355.3120000000001
1500,1355.1
1500,1355.68
1500,1356.4940000000001
1500,1357.33
1500,1357.429
1500,1498.522
1500,1358.4650000000001
1500,1358.8629999999998
1500,1359.7379999999998
1500,1360.2430000000002
1500,1502.8239999999998
1500,1361.1599999999999
1500,1362.058
1500,1362.824
1500,1363.313
1500,1507.5400000000002
1500,1364.026
1500,1364.561
1500,1365.5729999999999
1500,1366.585
1500,1366.963
1500,1512.8809999999999
1500,1367.343
1500,1368.354
1500,1515.839
1500,1369.7269999999999
1500,1371.019
1500,1519.624
1500,1372.363
1500,1373.675
1500,1374.996
1500,1376.3829999999998
1500,1526.481
1500,1378.1699999999998
1500,1379.434
1500,1380.451
1500,1381.486
1500,1382.508
1500,1383.524
1500,1535.563
1500,1384.992
1500,1386.2060000000001
1500,1387.047
1500,1387.927
1500,1389.0020000000002
1500,1541.536
1500,1390.327
1500,1391.134
1500,1391.965
1500,1392.771
1500,1393.694
1500,1394.4319999999998
1500,1547.61
1500,1396.0220000000002
1500,1547.7939999999999
1500,1394.723
1500,1395.532
1500,1549.395
1500,1397.68
1500,1398.764
1500,1399.9660000000001
1500,1558.788
1500,1400.4460000000001
1500,1401.65
1500,1402.8709999999999
1500,1558.8880000000001
1500,1404.882
1500,1405.8619999999999
1500,1407.19
1500,1408.2259999999999
1500,1565.712
1500,1410.4840000000002
1500,1411.2469999999998
1500,1412.0330000000001
1500,1412.831
1500,1413.565
1500,1570.4370000000001
1500,1415.088
1500,1415.7459999999999
1500,1416.578
1500,1417.1339999999998
1500,1417.3500000000001
1500,1418.21
1500,1418.8719999999998
1500,1419.579
1500,1420.3220000000001
1500,1578.758
1500,1421.171
1500,1421.351
1500,1421.693
1500,1582.5320000000002
1500,1422.985
1500,1423.5629999999999
1500,1424.166
1500,1424.8970000000002
1500,1425.791
1500,1426.2259999999999
1500,1427.1799999999998
1500,1428.136
1500,1591.623
1500,1429.5929999999998
1500,1430.149
1500,1594.526
1500,1431.81
1500,1432.843
1500,1433.7740000000001
1500,1434.369
1500,1600.047
1500,1436.3919999999998
1500,1437.29
1500,1437.959
1500,1438.579
1500,1438.945
1500,1605.453
1500,1440.578
1500,1441.3709999999999
1500,1441.971
1500,1442.502
1500,1610.3799999999999
1500,1443.4689999999998
1500,1443.575
1500,1444.268
1500,1445.085
1500,1445.528
1500,1446.161
1500,1447.073
1500,1447.659
1500,1615.734
1500,1449.094
1500,1449.902
1500,1450.574
1500,1451.482
1500,1620.72
1500,1452.415
1500,1453.185
1500,1453.935
1500,1453.8690000000001
1500,1625.483
1500,1455.6789999999999
1500,1455.6039999999998
1500,1455.7199999999998
1500,1456.451
1500,1457.047
1500,1631.122
1500,1458.348
1500,1459.0430000000001
1500,1459.9569999999999
1500,1460.449
1500,1461.153
1500,1461.941
1500,1462.772
1500,1638.352
1500,1464.258
1500,1464.972
1500,1466.0
1500,1642.3790000000001
1500,1467.2
1500,1467.435
1500,1468.222
1500,1469.0220000000002
1500,1469.537
1500,1648.404
1500,1471.2099999999998
1500,1471.153
1500,1472.0629999999999
1500,1652.744
1500,1473.6039999999998
1500,1474.391
1500,1656.051
1500,1475.759
1500,1476.511
1500,1477.3400000000001
1500,1660.036
1500,1479.0330000000001
1500,1479.911
1500,1480.5729999999999
1500,1481.3799999999999
1500,1481.929
1500,1482.713
1500,1483.1319999999998
1500,1484.1329999999998
1500,1485.0529999999999
1500,1485.776
1500,1671.807
1500,1487.838
1500,1488.759
1500,1489.734
1500,1490.514
1500,1677.372
1500,1492.445
1500,1681.115
1500,1674.374
1500,1674.404
1500,1676.045
1500,1704.905
1500,1704.988
1500,1664.273
1500,1663.576
1500,1663.7679999999998
1500,1712.394
1500,1663.601
1500,1663.035
1500,1661.6580000000001
1500,1660.752
1500,1654.436
1500,1655.45
1500,1652.723
1500,1652.8020000000001
1500,1715.9850000000001
1500,1647.096
1500,1640.882
1500,1637.77
1500,1715.841
1500,1225.447
1500,1635.789
1500,1635.1070000000002
1500,1213.5149999999999
1500,1211.567
1500,1637.547
1500,1209.819
1500,1638.277
1500,1639.405
1500,1639.4560000000001
1500,1639.619
1500,1638.7130000000002
1500,1177.565
1500,1174.129
1500,1641.149
1500,1168.352
1500,1166.85
1500,1166.093
1500,1162.306
1500,1645.281
1500,1136.567
1500,1646.678
1500,1125.902
1500,1732.184
1500,1121.117
1500,1118.348
1500,1118.288
1500,1110.258
1500,1108.8400000000001
1500,1106.3039999999999
1500,1099.347
1500,1098.781
1500,1655.3770000000002
1500,1088.5929999999998
1500,1076.354
1500,1077.34
1500,1659.8790000000001
1500,1076.336
1500,1073.2820000000002
1500,1058.8310000000001
1500,1057.384
1500,1664.334
1500,1047.584
1500,1046.496
1500,1044.1789999999999
1500,1033.5529999999999
1500,1019.8609999999999
1500,1009.163
1500,1669.5500000000002
1500,994.466
1500,993.043
1500,984.559
1500,1672.471
1500,978.349
1500,970.7170000000001
1500,962.519
1500,954.4449999999999
1500,948.546
1500,1676.7160000000001
1500,942.2669999999999
1500,928.071
1500,928.755
1500,928.282
1500,928.803
1500,1679.8439999999998
1500,875.048
1500,869.0210000000001
1500,866.12
1500,865.9069999999999
1500,854.771
1500,851.305
1500,850.872
1500,850.3969999999999
1500,1686.625
1500,840.568
1500,841.055
1500,841.127
1500,1689.495
1500,836.212
1500,824.625
1500,824.655
1500,820.9119999999999
1500,819.4599999999999
1500,820.111
1500,813.551
1500,1781.216
1500,803.828
1500,801.531
1500,795.48
1500,795.531
1500,796.203
1500,795.253
1500,793.1850000000001
1500,787.961
1500,786.27
1500,784.304
1500,783.9000000000001
1500,780.97
1500,779.395
1500,778.3820000000001
1500,777.328
1500,775.63
1500,775.375
1500,775.715
1500,775.901
1500,775.053
1500,774.4649999999999
1500,770.4440000000001
1500,765.759
1500,764.3950000000001
1500,763.856
1500,1715.244
1500,761.015
1500,759.933
1500,760.1320000000001
1500,761.005
1500,761.1210000000001
1500,759.6370000000001
1500,759.275
1500,758.659
1500,758.3
1500,759.298
1500,759.251
1500,759.8620000000001
1500,760.851
1500,761.262
1500,760.907
1500,758.462
1500,759.611
1500,759.4499999999999
1500,760.503
1500,760.976
1500,761.188
1500,762.05
1500,1741.8100000000002
1500,759.544
1500,760.0360000000001
1500,760.798
1500,757.758
1500,1835.5220000000002
1500,756.063
1500,757.038
1500,758.196
1500,759.0179999999999
1500,759.5450000000001
1500,756.189
1500,755.1379999999999
1500,752.193
1500,752.873
1500,753.3870000000001
1500,754.0590000000001
1500,753.99
1500,752.184
1500,752.196
1500,752.993
1500,752.152
1500,751.408
1500,751.923
1500,753.078
1500,753.6500000000001
1500,754.443
1500,753.732
1500,753.6030000000001
1500,753.104
1500,752.143
1500,752.9449999999999
1500,753.991
1500,755.006
1500,755.678
1500,754.146
1500,753.752
1500,750.481
1500,750.282
1500,751.01
1500,751.26
1500,752.352
1500,752.529
1500,753.171
1500,751.3140000000001
1500,751.799
1500,751.165
1500,751.922
1500,752.043
1500,751.9200000000001
1500,752.082
1500,753.402
1500,753.0
1500,753.761
1500,754.683
1500,753.2410000000001
1500,749.596
1500,750.537
1500,748.6800000000001
1500,748.97
1500,748.527
1500,748.808
1500,748.86
1500,747.1
1500,747.113
1500,747.2529999999999
1500,747.909
1500,748.611
1500,749.363
1500,1825.0539999999999
1500,1825.507
1500,750.191
1500,750.867
1500,751.425
1500,752.169
1500,751.832
1500,751.351
1500,751.4920000000001
1500,749.615
1500,749.8209999999999
1500,749.966
1500,750.361
1500,750.097
1500,750.796
1500,1837.2189999999998
1500,751.46
1500,751.899
1500,752.525
1500,753.304
1500,750.598
1500,751.128
1500,751.755
1500,752.245
1500,752.393
1500,752.907
1500,753.548
1500,754.323
1500,753.1170000000001
1500,753.344
1500,754.081
1500,754.648
1500,755.004
1500,755.004
1500,754.67
1500,755.223
1500,755.3349999999999
1500,755.798
1500,756.494
1500,756.774
1500,757.4689999999999
1500,756.366
1500,756.264
1500,756.248
1500,755.768
1500,755.381
1500,755.2919999999999
1500,755.6890000000001
1500,756.069
1500,756.577
1500,755.8059999999999
1500,756.0550000000001
1500,754.8000000000001
1500,753.81
1500,753.725
1500,753.958
1500,754.135
1500,754.799
1500,755.4119999999999
1500,755.732
1500,755.629
1500,756.0590000000001
1500,756.379
1500,756.7120000000001
1500,756.606
1500,756.8770000000001
1500,756.4269999999999
1500,756.4490000000001
1500,756.9010000000001
1500,757.1719999999999
1500,757.5450000000001
1500,758.124
1500,758.564
1500,759.002
1500,758.047
1500,758.3180000000001
1500,758.246
1500,1887.2009999999998
1500,758.985
1500,759.5939999999999
1500,760.02
1500,760.4889999999999
1500,761.066
1500,761.77
1500,762.284
1500,762.895
1500,763.212
1500,763.611
1500,764.262
1500,764.8399999999999
1500,765.3480000000001
1500,765.798
1500,766.146
1500,766.189
1500,766.803
1500,766.224
1500,765.6469999999999
1500,766.008
1500,766.141
1500,765.709
1500,765.738
1500,766.13
1500,766.618
1500,766.7460000000001
1500,767.404
1500,768.047
1500,767.679
1500,768.3109999999999
1500,768.668
1500,1911.808
1500,768.931
1500,769.631
1500,770.154
1500,770.689
1500,770.673
1500,771.192
1500,771.2379999999999
1500,771.6410000000001
1500,772.369
1500,771.54
1500,772.294
1500,773.197
1500,773.7199999999999
1500,773.836
1500,774.4060000000001
1500,775.121
1500,775.696
1500,775.967
1500,776.086
1500,1928.064
1500,775.8119999999999
1500,776.435
1500,777.052
1500,777.645
1500,778.2059999999999
1500,778.322
1500,778.8040000000001
1500,779.124
1500,779.4879999999999
1500,779.938
1500,780.141
1500,778.679
1500,779.266
1500,779.9639999999999
1500,780.763
1500,781.413
1500,782.1
1500,782.427
1500,782.697
1500,783.289
1500,783.966
1500,784.64
1500,783.361
1500,783.2059999999999
1500,783.702
1500,784.142
1500,784.768
1500,785.203
1500,785.259
1500,784.8850000000001
1500,785.498
1500,785.697
1500,786.2249999999999
1500,786.884
1500,786.833
1500,786.3599999999999
1500,786.9209999999999
1500,787.4799999999999
1500,788.065
1500,788.577
1500,789.207
1500,789.864
1500,790.525
1500,791.323
1500,791.837
1500,792.432
1500,792.917
1500,793.374
1500,794.072
1500,794.685
1500,794.7330000000001
1500,795.413
1500,1972.193
1500,795.721
1500,796.292
1500,796.926
1500,1974.857
1500,794.797
1500,795.406
1500,795.726
1500,795.644
1500,796.257
1500,796.833
1500,797.333
1500,797.968
1500,796.83
1500,797.117
1500,797.728
1500,798.332
1500,798.6569999999999
1500,799.071
1500,799.748
1500,799.0390000000001
1500,799.485
1500,800.213
1500,800.678
1500,800.988
1500,801.79
1500,802.616
1500,1993.164
1500,1993.0339999999999
1500,1994.307
1500,802.1700000000001
1500,802.614
1500,803.5
1500,804.384
1500,804.99
1500,805.545
1500,806.4449999999999
1500,807.043
1500,807.365
1500,808.076
1500,808.72
1500,809.785
1500,810.532
1500,811.003
1500,811.471
1500,812.1
1500,2007.9479999999999
1500,2008.091
1500,810.769
1500,811.057
1500,811.879
1500,812.8109999999999
1500,813.077
1500,813.7339999999999
1500,814.474
1500,814.4449999999999
1500,2014.4869999999999
1500,2014.1520000000003
1500,2010.536
1500,2010.304
1500,2009.007
1500,2009.83
1500,2009.061
1500,2009.246
1500,2009.894
1500,2127.624
1500,2009.693
1500,2114.467
1500,1998.8129999999999
1500,1998.3359999999998
1500,1999.1129999999998
1500,1999.0110000000002
1500,2118.261
1500,1992.509
1500,2118.22
1500,1991.141
1500,1991.167
1500,1991.9450000000002
1500,1983.63
1500,1983.647
1500,2121.232
1500,1977.619
1500,1951.613
1500,2112.968
1500,2107.17
1500,2093.7389999999996
1500,2086.783
1500,2084.293
1500,2083.599
1500,2069.752
1500,1572.7640000000001
1500,1509.795
1500,1482.286
1500,1469.01
1500,2056.8070000000002
1500,1401.724
1500,1316.716
1500,1275.986
1500,1158.025
1500,1146.5669999999998
1500,1141.958
1500,1135.908
1500,1126.0600000000002
1500,1111.751
1500,1102.041
1500,1102.282
1500,1101.761
1500,1097.624
1500,1085.951
1500,1083.834
1500,1079.739
1500,1077.901
1500,1076.818
1500,1067.2759999999998
1500,1057.199
1500,1049.579
1500,1046.182
1500,1045.267
1500,1038.353
1500,1031.312
1500,1021.428
1500,1013.555
1500,1003.804
1500,1000.1249999999999
1500,998.841
1500,992.519
1500,987.6239999999999
1500,976.529
1500,976.705
1500,974.2189999999999
1500,973.471
1500,968.61
1500,968.934
1500,964.755
1500,949.0509999999999
1500,938.693
1500,937.903
1500,938.019
1500,929.725
1500,926.986
1500,924.496
1500,914.8349999999999
1500,893.166
1500,2184.55
1500,2080.1400000000003
1500,2076.462
1500,2045.2949999999998
1500,2199.423
1500,2169.585
1500,2197.493
1500,1280.7949999999998
1500,1101.739
1500,1043.118
1500,1029.185
1500,1009.9540000000001
1500,988.9250000000001
1500,967.6519999999999
1500,2053.09
1500,983.232
1500,936.928
1500,2147.009
